"PC1","PC2","Depth","Facies"
-0.628429509969111,1.16259747491377,0,"ZC3A"
-0.0618602592816673,1.27449042940142,0.100000000000001,"ZC3A"
0.262215872055009,1.31462578932525,0.200000000000001,"ZC3A"
0.594105841225381,0.954992715393558,0.300000000000001,"ZC3A"
0.430695657327252,1.33627142149242,0.4,"ZC3A"
0.717505209445145,0.584079793739619,0.5,"ZC3A"
0.942650449571469,0.965425690396113,0.600000000000001,"ZC3A"
0.704018992288029,1.76445926302397,0.700000000000001,"ZC3A"
0.657434973448725,1.07497493794507,0.800000000000001,"ZC3A"
0.70132199808181,1.10983529164167,0.9,"ZC3A"
-0.0330331219378335,4.02148887222645,1,"ZC3A"
0.806478480254947,1.58210514846729,1.1,"ZC3A"
-0.0121140302546965,1.73107323486063,1.2,"ZC3A"
0.0992055370979718,0.836318651768715,1.3,"ZC3A"
0.433112899488541,0.718816021647334,1.4,"ZC3A"
0.870535473331155,0.45983012527581,1.5,"ZC3A"
1.39466564640292,0.718733457855275,1.6,"ZC3A"
0.7805809481722,0.843673251991515,1.7,"ZC3A"
0.349428870554946,0.792656575489896,1.8,"ZC3A"
0.633260189219894,1.62690614827251,1.9,"ZC3A"
0.913998651898731,0.658723509227593,2,"ZC3A"
1.33930794154691,-0.474335308737165,2.1,"ZC3A"
0.767600793259488,-0.00937166740939429,2.2,"ZC3A"
1.15209544178789,-0.1193376180957,2.3,"ZC3A"
0.827189893312245,0.126065673744373,2.4,"ZC3A"
0.643051183553603,0.175118284253293,2.5,"ZC3A"
0.796246973063819,0.0451630090354746,2.6,"ZC3A"
1.00896197877603,0.66259119371389,2.7,"ZC3A"
0.891859299752479,-0.444621861433417,2.8,"ZC3A"
0.840145429898072,-0.572542480532959,2.9,"ZC3A"
0.949433381654013,-0.113503281778192,3,"ZC3A"
0.691902141813407,0.241471586312548,3.1,"ZC3A"
0.956935638441982,0.0304027735774373,3.2,"ZC3A"
1.25228398192731,0.161840554961607,3.3,"ZC3A"
0.983480372240735,-0.505147172660585,3.4,"ZC3A"
0.626633841710573,-0.5475423612916,3.5,"ZC3A"
1.20936524975129,-0.635884424696296,3.6,"ZC3A"
1.05622479376433,-0.752723168313129,3.7,"ZC3A"
0.776261246506811,-0.541942803864378,3.8,"ZC3A"
0.84327463653187,-0.554601253489461,3.9,"ZC3A"
0.599785677388771,-0.0779208971146402,4,"ZC3A"
0.76812362311418,-0.488236581833029,4.1,"ZC3A"
0.586064251793004,-0.223918309324777,4.2,"ZC3A"
0.895820812203004,-0.724205622744516,4.3,"ZC3A"
0.460147065789827,-0.0238205928327038,4.4,"ZC3A"
0.756046437517481,-0.184211649329706,4.5,"ZC3A"
0.898319299556489,-0.0361932379442999,4.6,"ZC3A"
0.951618452267253,-0.62184067286444,4.7,"ZC3A"
0.586106004738766,-0.176364497417717,4.8,"ZC3A"
0.367114754066275,-0.0412041347016131,4.9,"ZC3A"
0.254254005274608,0.00180506213022646,5,"ZC3A"
0.818965143078958,-0.229043194945366,5.1,"ZC3A"
0.803818772065872,-0.797747732931717,5.2,"ZC3A"
0.52657083490844,-0.158482875265607,5.3,"ZC3A"
0.491602110355266,0.302963991953186,5.4,"ZC3A"
0.529663603112981,0.159402641391763,5.5,"ZC3A"
0.913573139772835,-0.138552510816471,5.6,"ZC3A"
1.29614493746532,-0.22640745396882,5.7,"ZC3A"
0.781559582431835,0.360421354238314,5.8,"ZC3A"
1.20974346574101,-0.327132506600278,5.9,"ZC3A"
0.629520230853644,0.113899321780296,6,"ZC3A"
0.619942403618818,0.601605610386081,6.1,"ZC3A"
0.872462933809378,-0.483600169294519,6.2,"ZC3A"
0.927837570999693,-1.01379141562058,6.3,"ZC3A"
0.638065577720402,-0.259157550167657,6.4,"ZC3A"
1.1240923129584,-0.221923260982242,6.5,"ZC3A"
0.857995512039661,-0.219391956046157,6.6,"ZC3A"
1.18442284555447,-0.276701670751024,6.7,"ZC3A"
1.26282245246348,-0.695536171614734,6.8,"ZC3A"
0.726719872980879,0.114140211175774,6.9,"ZC3A"
1.05144902219407,0.259844622418073,7,"ZC3A"
0.782357824047071,-0.140355816165453,7.1,"ZC3A"
1.11246034799122,-0.558665594245432,7.2,"ZC3A"
0.705616710146012,-0.603033323133653,7.3,"ZC3A"
1.28739622987395,-1.03845319080172,7.4,"ZC3A"
0.518948085458291,-0.641486847143336,7.5,"ZC3A"
0.675315973731571,-1.12687392409677,7.6,"ZC3A"
0.304098880702792,0.091225507791407,7.7,"ZC3A"
0.499845242520811,0.377664738853063,7.8,"ZC3A"
-0.0531590630590595,1.19566275176241,7.9,"ZC3A"
-0.510333710214203,2.54461879785614,8,"ZC3A"
0.632713315148548,-0.301434303551945,8.1,"ZC3A"
0.396037323606693,-0.46780459786537,8.2,"ZC3A"
-0.335727864678573,0.411707979703496,8.3,"ZC3A"
0.196604715688691,-0.0932988620706586,8.4,"ZC3A"
-0.082386535672068,0.19918874229162,8.5,"ZC3A"
0.960790564726303,-0.587431958068381,8.6,"ZC3A"
0.834793462774307,-0.98957005328884,8.7,"ZC3A"
0.755023477270521,-0.144328745070563,8.8,"ZC3A"
0.240714149018349,-0.454117997924209,8.9,"ZC3A"
0.310395540824396,-0.352208666081136,9,"ZC3A"
0.231199118826891,-0.441914354925821,9.1,"ZC3A"
0.895050304439955,-0.941880041237118,9.2,"ZC3A"
1.07849929777742,-0.676919320134883,9.3,"ZC3A"
1.22443205172466,-0.749734460658108,9.4,"ZC3A"
1.14670424452858,-0.160851346756774,9.5,"ZC3A"
1.09842975706365,-0.196536468877807,9.6,"ZC3A"
1.21736429942565,-0.593523576422808,9.7,"ZC3A"
1.44473769898408,-0.510405996394326,9.8,"ZC3A"
1.11094862870573,-0.463397201311865,9.9,"ZC3A"
1.30160940172103,-0.0924536810365779,10,"ZC3A"
1.24142205158199,-0.499702961197793,10.1,"ZC3A"
1.26549892044612,-0.384051930621021,10.2,"ZC3A"
1.10137844269069,-0.393716944300387,10.3,"ZC3A"
1.23683657093609,-0.481666000387054,10.4,"ZC3A"
1.46550465591746,-1.10775121128834,10.5,"ZC3A"
1.49541893712598,-0.591107167809479,10.6,"ZC3A"
2.38633427282341,-0.690521359295329,10.7,"ZC3A"
1.18809870269864,-1.0276924857905,10.8,"ZC3A"
1.06155875044775,-0.801808746437396,10.9,"ZC3A"
1.00466852337539,-0.794154278435153,11,"ZC3A"
0.816554968025486,-0.102626741103502,11.1,"ZC3A"
0.817857841142492,-0.165930844450803,11.2,"ZC3A"
1.05810985700751,-0.866155253888762,11.3,"ZC3A"
0.942334160210003,-0.406561699331312,11.4,"ZC3A"
1.72361587663049,-1.15784750270913,11.5,"ZC3A"
1.70942188802571,-1.05192227447263,11.6,"ZC3A"
1.50365853449327,-0.737378939706279,11.7,"ZC3A"
1.34989351953752,-0.232419311273232,11.8,"ZC3A"
1.60500209079108,-0.638761374811815,11.9,"ZC3A"
1.03062493421005,-0.435824568931375,12,"ZC3A"
1.52995489929278,-0.697338946685655,12.1,"ZC3A"
1.59494246636363,-0.748994898850365,12.2,"ZC3A"
2.74754020563669,-0.303054126883842,12.3,"ZC3A"
0.96664385930228,-0.067724031737583,12.4,"ZC3A"
0.963380462916064,-0.0444545639711922,12.5,"ZC3A"
1.50130849731314,-0.369066819982498,12.6,"ZC3A"
0.84884262094827,-0.126772768859325,12.8,"ZC3A"
0.762029814440616,-0.858199953270562,13.2,"ZC3A"
1.33047165227889,-1.10442925006442,13.3,"ZC3A"
1.30515381075273,-0.107574625058123,13.4,"ZC3A"
1.72574068975409,-0.402298023237708,13.5,"ZC3A"
2.1275887325116,-0.368538219832615,13.6,"ZC3A"
1.27765490412922,-0.860499651295667,13.7,"ZC3A"
1.93571647415249,-0.288478279361518,13.8,"ZC3A"
1.55353910247212,-0.352142233262356,13.9,"ZC3A"
1.81454759042827,-0.684364978532513,14,"ZC3A"
2.72386812708312,-0.810549616372825,14.1,"ZC3A"
2.27814527571171,-0.911662648965293,14.2,"ZC3A"
3.87184648531409,-0.922286386923091,14.3,"ZC3A"
2.30895030182375,-0.93638442322894,14.4,"ZC3A"
2.45568205759442,-0.80465016729145,14.5,"ZC3A"
2.33486453100927,-0.556591187374186,14.6,"ZC3A"
3.21797490924023,-0.983722120303213,14.7,"ZC3A"
2.0448201306536,-0.662507887387399,14.8,"ZC3A"
2.2814290264189,-0.882750106883293,14.9,"ZC3A"
2.60196514648396,-0.832125581331184,15,"ZC3A"
2.56334072219976,-0.337049079723384,15.1,"ZC3B"
1.62444424558652,-0.693625341436467,15.2,"ZC3B"
1.68122985587928,-0.499585440492779,15.3,"ZC3B"
1.2688529939806,-0.555281748224104,15.4,"ZC3B"
1.81285189579189,-0.575618874369559,15.5,"ZC3B"
2.24528489428357,-1.32930834848559,15.6,"ZC3B"
1.85587805642268,-1.04246311251324,15.7,"ZC3B"
2.26492375781772,-1.42326434370153,15.8,"ZC3B"
1.91976822843768,-0.913661837268621,16,"ZC3B"
1.77646890889244,-1.21587073214505,16.1,"ZC3B"
2.38387647689091,-1.57133530097825,16.2,"ZC3B"
1.64217801614412,-1.04114461557081,16.3,"ZC3B"
1.13521367274509,-0.867981346391962,16.4,"ZC3B"
2.29648180041344,-1.12932249806525,16.5,"ZC3B"
2.02347551378604,-0.458586642243152,16.6,"ZC3B"
1.99628525606474,-0.914401306909432,16.7,"ZC3B"
1.85389418067581,-1.13300162947944,16.8,"ZC3B"
1.43454566779989,-0.692268079058744,16.9,"ZC3B"
1.75632174467049,-0.884282664243331,17,"ZC3B"
2.53688938537651,-1.7737695007888,17.1,"ZC3B"
1.20776407890557,-0.925417239735645,17.4,"ZC3B"
2.26777978426882,-1.93982665501048,17.5,"ZC3B"
1.70069701872122,-0.857572601759873,17.6,"ZC3B"
2.67696482302099,-1.80027985231307,17.7,"ZC3B"
2.77524289669235,-1.54357681818322,17.8,"ZC3B"
2.75248130508059,-1.16530208659702,17.9,"ZC3B"
2.15967927203987,-1.19154881857612,18,"ZC3B"
2.88317436914407,-1.5220834180951,18.1,"ZC3B"
1.75462897654131,-1.54661388781862,18.2,"ZC3B"
1.35174445569496,-1.3648020531086,18.3,"ZC3B"
2.26873722525765,-1.17768089649552,18.4,"ZC3B"
1.79977771871634,-1.43372504552792,18.5,"ZC3B"
1.62169123612634,-0.985225543523202,18.6,"ZC3B"
1.87111945260319,-0.328346748404292,18.7,"ZC3B"
1.92095291393177,-1.59236348318922,18.8,"ZC3B"
1.78561539993118,-1.13439755535344,18.9,"ZC3B"
1.58143636195687,-1.04466159911252,19,"ZC3B"
1.42440865846949,-0.84958527188541,19.1,"ZC3B"
1.53585854870873,-1.08237064008111,19.2,"ZC3B"
1.26656400434548,-0.456835024718895,19.3,"ZC3B"
1.18256007283488,-1.22568697008402,19.4,"ZC3B"
1.52128504508773,-1.33032374433389,19.5,"ZC3B"
2.19496817599638,-1.40541560446633,19.6,"ZC3B"
2.71223633889494,-1.69357559801937,20.4,"ZC3B"
2.89870346400496,-2.3989934315306,20.5,"ZC3B"
3.01522995465185,-2.1147219250601,20.6,"ZC3B"
3.05420036665386,-1.84887371042893,20.7,"ZC3B"
2.90778149128126,-2.73377816782124,20.8,"ZC3B"
2.93002021655013,-1.5893284632867,20.9,"ZC3B"
2.75439432953871,-2.0080562649751,21,"ZC3B"
1.08114129865639,-0.0739836254491452,21.6,"ZC3B"
1.1132087812629,-0.272089307657157,21.7,"ZC3B"
1.19497135050349,-0.409349359357409,21.8,"ZC3B"
0.789379070358013,0.0055476291456897,21.9,"ZC3B"
1.35955446699807,-0.527584945824714,22,"ZC3B"
1.09546542962554,-0.435233067692235,22.1,"ZC3B"
1.01159543115693,-0.687480177676889,22.2,"ZC3B"
1.29589969481764,-0.727266265638798,22.3,"ZC3B"
1.08683968673614,-0.897178801836699,22.4,"ZC3B"
1.58793602738176,-1.01728083308045,22.5,"ZC3B"
1.36444500298024,-1.03959626335048,22.6,"ZC3B"
1.4060674732264,-1.34779830646921,22.7,"ZC3B"
1.87942926684949,-0.497102473407341,22.8,"ZC3B"
1.13124882396776,-0.306654646535987,22.9,"ZC3B"
1.33523796333849,-0.56874532767343,23,"ZC3B"
1.43749394904219,-1.24831375282449,23.1,"ZC3B"
0.682350442369843,-0.220661476694491,23.2,"ZC3B"
1.77051982883965,-0.902723560316158,23.3,"ZC3B"
1.74273641022127,-0.796611918511118,23.4,"ZC3B"
1.98537336339644,-0.736354809388046,23.5,"ZC3B"
1.56544692874079,-0.469567105275174,23.6,"ZC3B"
2.33975561501492,-1.33782830616961,23.7,"ZC3B"
1.58081599418872,-0.860313944752546,23.8,"ZC3B"
1.83201548134297,-1.04154706790246,23.9,"ZC3B"
1.95156347771965,-1.35170898183425,24,"ZC3B"
1.69001106495533,-0.451872940770389,24.1,"ZC3B"
2.07815494271712,-1.04206816501544,24.2,"ZC3B"
2.19749527371441,-1.15425180103024,24.3,"ZC3B"
1.9662960874646,-1.22436921441282,24.4,"ZC3B"
1.53263182858132,-0.361786024731948,24.5,"ZC3B"
1.43883389966727,-0.259472080241501,24.6,"ZC3B"
1.64931714233189,-0.699053421838123,24.7,"ZC3B"
1.89156706093118,-0.551638623314734,24.8,"ZC3B"
0.832471295566299,0.841428113815147,24.9,"ZC3B"
1.04490735125288,-0.398134188916771,25,"ZC3B"
0.92462558293499,-1.64757031285966,25.1,"ZC3B"
0.968911754072397,-0.638890070260447,25.2,"ZC3B"
1.21113911703159,-1.38533137479178,25.3,"ZC3B"
1.15406740985204,-1.2718317098763,25.4,"ZC3B"
0.371475759779257,0.286404793642733,25.5,"ZC3B"
0.00792165995738899,-0.11810320212892,25.6,"ZC3B"
0.455441864218222,-0.461624011208114,25.7,"ZC3B"
0.558162718148422,-0.146162132588035,25.8,"ZC3B"
0.116520977916068,-0.113165454231935,25.9,"ZC3B"
0.488397856529273,-0.573109144679529,26,"ZC3B"
0.596458836154227,-0.90078064519142,26.1,"ZC3B"
0.495747187468687,-1.03408015106785,26.2,"ZC3B"
0.385867739218468,-0.750143031971151,26.3,"ZC3B"
0.155341125270335,-0.431772881450799,26.4,"ZC3B"
1.20897091502711,-0.527323196737587,26.5,"ZC3B"
0.773237259469143,-0.53310831081154,26.6,"ZC3B"
0.891270805833097,-0.955022117717705,26.7,"ZC3B"
0.702799352942063,0.274033346586077,26.8,"ZC3B"
0.513597852239615,-0.0479877735732819,26.9,"ZC3B"
0.387269898043122,0.0059711487552531,27,"ZC3B"
0.916084168296873,-0.785876586203148,27.1,"ZC3B"
0.706203802572555,-0.408086472959135,27.2,"ZC3B"
0.859370355756819,-0.794117906804594,27.3,"ZC3B"
1.14294414809219,-0.501036802363562,27.4,"ZC3B"
1.32384716302489,-0.898341477038565,27.6,"ZC3B"
1.57485293438408,-0.616619175794278,27.7,"ZC3B"
2.41382155341763,-1.24793895789719,27.8,"ZC3B"
2.75243699556627,-0.990632718600577,28,"ZC3B"
1.92568667033765,-0.507929382519883,28.1,"ZC3B"
1.51132143823495,-0.757118484936514,28.2,"ZC3B"
1.66255049792748,-0.379177796503135,28.3,"ZC3B"
1.7111715758504,-0.832402489014018,28.4,"ZC3B"
1.74640970839254,-0.29958819571573,28.5,"ZC3B"
2.08730105988091,-1.06729153820634,28.6,"ZC3B"
2.00807808945474,-0.00639263994832587,28.7,"ZC3B"
1.56506801356281,-0.72234430892971,28.8,"ZC3B"
2.29420492197594,-1.05791834255685,28.9,"ZC3B"
1.63705972051348,-0.733291993828929,29,"ZC3B"
1.335120391213,-0.606131276086084,29.1,"ZC3B"
0.832482040997773,-0.439387573949573,29.2,"ZC3B"
0.738948699418091,-0.305250822893784,29.3,"ZC3B"
0.339384318478625,-0.0597605485989439,29.4,"ZC3B"
0.415609962746733,0.30070754375307,29.5,"ZC3B"
0.341138747969603,0.61716949491623,29.6,"ZC3B"
-0.41457810528681,1.34132429525998,29.7,"ZC3B"
0.137618448091242,0.34944287586343,29.8,"ZC3B"
0.030247816565403,1.36854181418614,29.9,"ZC3B"
0.967786020129124,0.470143899906964,30,"ZC3B"
0.92016052160072,1.09975244781517,30.1,"ZC3B"
1.17859713598751,0.566446696254277,30.2,"ZC3B"
1.49128857594013,0.0258223230133793,30.3,"ZC3B"
1.42191323099233,-0.408422421130463,30.4,"ZC3B"
1.63276623401448,-0.629756100316155,30.5,"ZC3B"
1.42700080661707,-0.898281771384253,30.6,"ZC3B"
1.43504407454892,-0.766048151752214,30.7,"ZC3B"
1.72296854158219,-0.821678769790964,30.8,"ZC3B"
1.18271452720423,-1.03159574370785,30.9,"ZC3B"
1.11404802220157,-0.725692396057137,31,"ZC3B"
1.10794912902968,-0.512910205196673,31.1,"ZC3B"
0.870602960026865,-0.0179572501896934,31.2,"ZC3B"
0.377848599760323,0.55631524691917,31.4,"ZC3B"
0.27207774273395,0.251845900190512,31.5,"ZC3B"
0.168509238678254,-0.840263746549267,31.6,"ZC3B"
0.709595049981768,0.0857230958666773,31.7,"ZC3B"
1.16402990540193,-0.204450768279963,31.8,"ZC3B"
1.23834477917796,0.544223679742713,31.9,"ZC3B"
1.07370911554956,-0.0776004422351823,32,"ZC3B"
0.724196841897963,0.29709009579295,32.1,"ZC3B"
0.837074329367255,0.143422313181121,32.2,"ZC3B"
1.94548534016282,-0.643263001282828,32.3,"ZC3B"
1.52415208630175,-0.86382735385683,32.4,"ZC3B"
1.64853541485223,-0.450388627830761,32.5,"ZC3B"
1.44911733419441,-0.527106905324109,32.6,"ZC3B"
1.14933320859656,-0.086787133371926,32.7,"ZC3B"
0.93711848919967,0.306862265571193,32.8,"ZC3B"
0.55961770367037,-0.177611103886955,32.9,"ZC3B"
0.724815125520645,-0.707012616040393,33,"ZC3B"
0.679460428131275,-0.344753256330201,33.1,"ZC3B"
1.92336943178691,-0.767406421420138,33.2,"ZC3B"
1.56466160186733,-0.659058188211951,33.3,"ZC3B"
1.1662259856194,-0.606692424836831,33.4,"ZC3B"
2.03681674369063,-1.57507949643476,33.5,"ZC3B"
1.89673979004648,-1.31856284123287,33.6,"ZC3B"
2.19841141079877,-2.16328551988815,33.7,"ZC3B"
2.75372600855107,-1.69149203055072,33.9,"ZC3B"
2.323011741644,-1.99595705100799,34.6,"ZC3B"
1.99363074441783,-2.24895028230523,34.7,"ZC3B"
2.67994062204172,-1.86774184880401,34.8,"ZC3B"
2.35718643098999,-1.80076298704439,34.9,"ZC3B"
1.88120183257143,-1.80513044850646,35,"ZC3B"
2.08977168271371,-2.33494308740791,35.1,"ZC3B"
2.11357675543194,-1.46517631697476,35.2,"ZC3B"
1.68596278445904,-0.547594906812548,36.2,"ZC3B"
1.4698465146849,-0.508695245313773,36.3,"ZC3B"
1.80442702066246,0.0210222598452636,36.4,"ZC3B"
2.13889787931444,-1.28806545130364,36.5,"ZC3B"
2.02412313215404,-0.71935614791812,36.6,"ZC3B"
2.17642536440183,-0.572295810340133,36.7,"ZC3B"
1.9547230094159,-0.232842651654288,36.8,"ZC3B"
1.74400251407417,-0.621050418554841,36.9,"ZC3B"
1.45335897265891,0.599966121306497,37,"ZC3B"
2.08996090660794,-0.148998594072309,37.1,"ZC3B"
1.49550601674876,0.183471879775828,37.2,"ZC3B"
1.00939725025714,1.23101491922079,37.3,"ZC3B"
1.55010140657199,1.10488271416718,37.4,"ZC3B"
2.02809367055429,0.946247608824863,37.5,"ZC3B"
2.22442668567515,0.655508372775637,37.6,"ZC3B"
1.8895085207455,0.30652049976348,37.7,"ZC3B"
2.00854266762526,0.681646888267855,37.8,"ZC3B"
1.24154656199845,0.865069212162789,37.9,"ZC3B"
0.495407826153041,1.29754358384777,38,"ZC3B"
0.506770886405428,1.14295938619136,38.1,"ZC3C"
0.971049152804795,1.61750127310816,38.2,"ZC3C"
0.552898223485783,2.33331230048879,38.3,"ZC3C"
1.79327329644021,1.14673016488911,40.2,"ZC3C"
1.63851818090094,0.570366135104144,40.3,"ZC3C"
1.59288276111489,1.43276983479424,40.4,"ZC3C"
1.71999346354442,1.55697657487243,40.5,"ZC3C"
1.47144325242912,2.98612694780573,40.6,"ZC3C"
2.16892807135359,1.02629948228142,40.7,"ZC3C"
2.0673049266833,1.46042321792744,40.8,"ZC3C"
1.59154964156549,2.98395127440079,40.9,"ZC3C"
2.14897266457641,0.972537347658595,41,"ZC3C"
2.71322278779963,1.8315410320445,41.1,"ZC3C"
2.08569958597411,1.45712887074057,41.2,"ZC3C"
2.51797141073471,1.44694309664693,41.3,"ZC3C"
1.39301013734731,3.53622526591349,41.4,"ZC3C"
1.8733579148162,2.13212701341466,41.5,"ZC3C"
1.64406896752051,1.37825591278069,41.6,"ZC3C"
1.41419657293152,2.20184503740651,41.7,"ZC3C"
1.41907656100362,1.19576037060492,41.8,"ZC3C"
1.27640054501787,1.49700594739625,41.9,"ZC3C"
1.6375893250069,1.64902580912823,42,"ZC3C"
1.18789795295131,1.37159272940318,42.1,"ZC3C"
1.40913979265937,1.52063310485252,42.2,"ZC3C"
1.37647939143033,1.8530745106722,42.3,"ZC3C"
1.31255095262891,2.41693175092656,42.4,"ZC3C"
1.43410972207889,1.0502359439332,42.5,"ZC3C"
1.23316168585684,1.94333556225019,42.6,"ZC3C"
1.30733975375289,1.4882280770644,42.7,"ZC3C"
1.36870894476038,1.88724894510303,42.8,"ZC3C"
1.87346633631769,1.53284249334939,42.9,"ZC3C"
1.87649297902035,1.40892679309257,43,"ZC3C"
1.61699011628899,1.75642399325139,43.1,"ZC3C"
1.27498452313435,1.09607680285601,43.2,"ZC3C"
1.59904099118508,0.793738825535584,43.3,"ZC3C"
1.51420778758221,1.38445335149135,43.4,"ZC3C"
1.44259748821287,1.60523116641152,43.5,"ZC3C"
2.21147039847408,1.47067999132158,43.6,"ZC3C"
2.82781133073532,0.969199621565656,43.7,"ZC3C"
2.78300644917342,1.11473734393904,43.8,"ZC3C"
2.66501901362058,1.64296995409953,44.4,"ZC3C"
1.43047747539342,2.34487362182328,44.7,"ZC3C"
1.19553056931141,2.07157920265565,44.8,"ZC3C"
0.601845312272459,3.44563023524315,44.9,"ZC3C"
0.84866256617311,1.84381653191627,45,"ZC3C"
1.26635248090862,2.13259217373685,45.1,"ZC3C"
1.54233487535871,1.6945527759776,45.2,"ZC3C"
1.10851510616931,3.21698914014396,45.3,"ZC3C"
1.60078544013125,1.27709838255746,45.4,"ZC3C"
1.04423186042138,3.13357556133001,45.5,"ZC3C"
1.57094278984195,0.74534639132099,45.6,"ZC3C"
1.62941498024762,1.19516342709092,45.9,"ZC3C"
1.85784886152205,3.21010937311181,46.1,"ZC3C"
2.59694567775562,2.11214626912552,46.2,"ZC3C"
2.97571176756316,0.685339279519016,46.3,"ZC3C"
0.737133278185119,3.71430414030089,46.4,"ZC3C"
1.27723417476519,3.62704354115207,46.5,"ZC3C"
2.14082824512277,0.87139645233465,46.6,"ZC3C"
3.22548970698095,1.29642598578406,46.8,"ZC3C"
4.39006924299833,1.40187211926204,47,"ZC3C"
2.85316865058789,0.407257252339933,47.1,"ZC3C"
2.87837614744235,0.324319450487882,47.2,"ZC3C"
4.61796520910197,2.09699867929259,47.3,"ZC3C"
3.17890332950376,0.0614971409054502,47.4,"ZC3C"
3.04025525576997,0.171581066086512,47.5,"ZC3C"
3.85206243816912,1.47713489845924,47.6,"ZC3C"
3.59891316992304,0.374643272671028,47.7,"ZC3C"
3.54288192036242,0.394001065232922,47.8,"ZC3C"
3.02201193344496,0.796024912389405,47.9,"ZC3C"
3.92456566480672,1.71035216247508,48,"ZC3C"
4.11063461713139,0.972427168104225,48.1,"ZC3C"
3.71791301465298,1.11545137967592,48.4,"ZC3C"
3.70132234045381,0.793260788757588,48.5,"ZC3C"
3.47471284361359,-0.106891985938027,48.6,"ZC3C"
3.40441933330021,0.794417092147444,48.7,"ZC3C"
4.7248178840183,1.02537537384488,48.8,"ZC3C"
2.82528060634393,2.46974436990968,48.9,"ZC3C"
4.16720737635777,1.72849856428963,49,"ZC3C"
2.66173540044958,2.9674093214311,49.1,"ZC3C"
1.83246514124442,-0.0348447564329074,49.2,"ZC3C"
2.83015984135526,0.106348396462173,49.3,"ZC3C"
3.53457609738776,0.671990663040172,49.4,"ZC3C"
1.6740789470724,2.00210913234377,49.5,"ZC3C"
2.13242092898089,0.468541512924662,49.6,"ZC3C"
2.17413263140633,0.701933040327867,49.7,"ZC3C"
2.16245491053701,1.27524557981266,49.8,"ZC3C"
2.27616737766768,0.654489912668633,49.9,"ZC3C"
1.4376347804794,3.38438879906651,50,"ZC3C"
1.63016417703627,0.9395057997468,50.1,"ZC3C"
1.56801481864695,1.17352172920652,50.2,"ZC3C"
1.80426295932925,1.63996055594168,50.3,"ZC3C"
1.45539902511415,1.90840344819956,50.4,"ZC3C"
1.80889679226614,2.43125088202316,50.5,"ZC3C"
1.95323290398074,1.8063725055756,50.6,"ZC3C"
1.8557536470275,2.51649278129703,50.7,"ZC3C"
1.25489192764148,0.702635273969095,50.8,"ZC3C"
1.80917637620752,1.23045093119591,50.9,"ZC3C"
1.41658141230889,1.33960907212494,51,"ZC3C"
1.59834035063624,1.96691661604627,51.1,"ZC3C"
1.87806794103828,0.779350770724477,51.2,"ZC3C"
2.04662082117134,1.1017127405232,51.3,"ZC3C"
2.14724745250185,0.699234038375846,51.4,"ZC3C"
2.15128621537153,0.707514760753307,51.5,"ZC3C"
2.1919241887771,1.26627469303692,51.6,"ZC3C"
2.50951531963799,0.99504485609705,51.7,"ZC3C"
1.9293733496479,0.442291411736679,51.8,"ZC3C"
2.0632760354835,1.09096314813463,51.9,"ZC3C"
2.27911360615866,0.581564751575007,52,"ZC3C"
2.04799954511394,1.43281583057471,52.1,"ZC3C"
2.05214321464041,2.88156864905314,52.2,"ZC3C"
2.39425570641947,0.654905014867337,52.3,"ZC3C"
2.27085423786225,1.50338051358861,52.4,"ZC3C"
3.0006827454889,2.55232773549544,52.5,"ZC3C"
2.87128667813317,0.234944143319079,52.6,"ZC3C"
2.63386607880336,1.3467153202107,52.7,"ZC3C"
2.88372155311509,0.760770370022961,52.8,"ZC3C"
3.25277746490145,1.47901927951637,53,"ZC3C"
2.53033552825031,1.31053234761886,53.1,"ZC3C"
2.30877476661587,1.54349440997036,53.2,"ZC3C"
1.90986041190264,1.93024495105888,53.3,"ZC3C"
2.08541300361478,1.86554149415609,53.4,"ZC3C"
1.175838812534,1.02247652857958,53.4,"ZC3C"
0.627934609212715,0.818427426540846,53.5,"ZC3C"
-0.291004596386843,0.250590788501751,53.6,"ZC3C"
-0.198146683735559,1.22475126732346,53.7,"ZC3D"
-0.662637354067629,0.250241422487805,53.8,"ZC3D"
-1.10824754538858,0.163976786602075,53.9,"ZC3D"
-0.843156594070138,0.2075720897999,54,"ZC3D"
-0.623055021429663,-1.23287129816683,54.1,"ZC3D"
-1.31648405780751,1.87975956181249,54.2,"ZC3D"
-1.34313261793161,0.406685119049855,54.3,"ZC3D"
-0.973435148639928,-0.717884809023858,54.4,"ZC3D"
-1.21478679241469,1.83165149047475,54.5,"ZC3D"
-1.17444118485335,-0.111493232273477,54.6,"ZC3D"
-0.540643659265091,-0.300626288077565,54.7,"ZC3D"
-0.0931757073851272,-0.723456293544696,54.8,"ZC3D"
-0.577328239835095,0.107806400549574,54.9,"ZC3D"
-0.329606785410234,0.743863372275975,55,"ZC3D"
0.0457138277614476,-0.973110822455046,55.1,"ZC3D"
-0.132017802849202,1.58512506689529,55.2,"ZC3D"
-0.299738829224324,-0.85730009691277,55.3,"ZC3D"
-0.656780425208901,0.157151446235952,55.4,"ZC3D"
-0.84698910922601,-0.0685398107065651,55.5,"ZC3D"
-1.12754325787005,-0.150990145298451,55.6,"ZC3D"
-1.85637821087315,1.88853696169473,55.7,"ZC3D"
-1.50720577609908,0.864867542863968,55.8,"ZC3D"
-1.33408801029317,-0.189801918368458,55.9,"ZC3D"
-1.3789359651042,-0.944373413020916,56,"ZC3D"
-1.33816351360787,-1.17224742002996,56.1,"ZC3D"
-1.60543315114021,0.909365625911679,56.2,"ZC3D"
-2.14383936994271,1.22482265651428,56.3,"ZC3D"
-1.45940700095977,0.768965932619174,56.4,"ZC3D"
-1.57404919673907,-0.782417734434001,56.5,"ZC3D"
-1.11098998328548,-1.35546921742943,56.6,"ZC3D"
-1.48857092250326,-0.867256881671623,56.7,"ZC3D"
1.02685964269436,-1.74074187191539,56.8,"ZC3D"
-1.70719879809989,-1.05276072205393,56.9,"ZC3D"
-2.03503349298688,-0.262781799437999,57,"ZC3D"
-2.08312205095597,0.0120971843665606,57.1,"ZC3D"
-1.56252115488521,-0.469734785012247,57.2,"ZC3D"
-1.45460926500536,-1.1068990768891,57.3,"ZC3D"
-1.07070665392457,-0.0345451638629447,57.4,"ZC3D"
0.0938034036975442,0.67202999403128,57.5,"ZC3D"
-1.481011291129,-1.02777353397933,57.9,"ZC3D"
-1.75843264584118,0.0401717966414424,58,"ZC3D"
-1.76297966848787,-0.167432263933443,58.1,"ZC3D"
-2.35013978581086,1.42763144184762,58.2,"ZC3D"
-1.49352169991477,0.217624804473896,58.3,"ZC3D"
-1.60439632313249,0.307139271725023,58.4,"ZC3D"
-2.37675856743314,1.18616193722943,58.5,"ZC3D"
-2.07996966328979,0.0754548492640591,58.6,"ZC3D"
-1.76031660352956,-0.410815854500324,58.7,"ZC3D"
-2.25931686799479,0.19466661288656,58.8,"ZC3D"
-1.69790239471021,-0.572524031255689,58.9,"ZC3D"
-1.95081085723685,0.430383460207541,59,"ZC3D"
-0.96853528316901,-1.85771233858655,59.1,"ZC3D"
-0.990804848192237,-1.35534004046304,59.2,"ZC3D"
-1.12745254072889,-2.4697013199655,59.3,"ZC3D"
-1.50840841723622,-1.47557836048517,59.4,"ZC3D"
-0.952145327772763,-2.28905927891644,59.5,"ZC3D"
-0.992631065837725,-2.22420395374091,59.6,"ZC3D"
-1.32804942351688,-1.18359104511111,59.7,"ZC3D"
-1.91936833627815,-0.226569592316954,59.8,"ZC3D"
-1.43918685212894,-1.39529282101514,59.9,"ZC3D"
-1.29010004157575,-1.45240377211978,60,"ZC3D"
-2.27231744603186,-1.64530378753484,60.1,"ZC3D"
-1.57964605396002,-0.707360125017688,60.2,"ZC3D"
-2.23937325344207,-0.232618341958761,60.3,"ZC3D"
-1.09605727858766,-1.30204990733937,60.4,"ZC3D"
-1.1407034863311,-1.54050987124507,60.5,"ZC3D"
-1.52451908063406,-1.43417916254091,60.6,"ZC3D"
-2.38456837581532,-1.28365903271863,60.7,"ZC3D"
-1.77080856944013,-1.31563029550626,60.8,"ZC3D"
-1.38200975154698,0.270455296273176,60.9,"ZC3D"
-1.51099507516621,-0.998279292477591,61,"ZC3D"
-1.26000703024236,-0.713556841806213,61.1,"ZC3D"
-1.80713549949986,-1.52368443472188,61.2,"ZC3D"
-2.38350714693142,1.68823149571867,61.3,"ZC3D"
-2.29193722996504,-0.315602245284792,61.4,"ZC3D"
-2.33855851140105,-0.129802388343156,61.5,"ZC3D"
-2.30553263963819,-0.548898103551004,61.6,"ZC3D"
-1.71478575401231,-1.23104646882349,61.7,"ZC3D"
-2.08419466514331,-0.61963187754321,61.8,"ZC3D"
-0.465634728424884,-1.12596600540677,61.9,"ZC3D"
-2.01638944804736,-0.91746558188909,62,"ZC3D"
-1.56557357475175,-1.81669585777864,62.1,"ZC3D"
-1.64996499398949,-0.988725574700518,62.2,"ZC3D"
-1.85009607254244,-1.3374217344153,62.3,"ZC3D"
-1.74680875127228,-1.7215369697211,62.4,"ZC3D"
-1.78875805836693,-1.05865022781222,62.5,"ZC3D"
-2.09007006034889,-0.416578841839457,62.6,"ZC3D"
-2.05059978961909,-0.205906357802364,62.7,"ZC3D"
-1.81324201554497,-0.869781689836837,62.8,"ZC3D"
-1.7955199397142,-1.32819792930304,62.9,"ZC3D"
-1.88801649653222,1.86261761766148,63,"ZC3D"
-1.81181796450342,-0.761212269138235,63.1,"ZC3D"
-2.11218936707922,-0.604922410626908,63.2,"ZC3D"
-1.76886644227442,-0.728080182056953,63.3,"ZC3D"
-2.11874022945317,-0.224770008699171,63.4,"ZC3D"
-1.93755937943467,-1.03932107413544,63.5,"ZC3D"
-1.88286678985986,-0.108976155494925,63.6,"ZC3D"
-1.64469737845026,-1.29938073200275,63.7,"ZC3D"
-1.70698133845017,-0.404721646774879,63.8,"ZC3D"
-2.07035191967423,-0.866733523186858,63.9,"ZC3D"
-1.8653389310886,-0.538312024812907,64,"ZC3D"
-1.64504904110454,-0.488348426818658,64.1,"ZC3D"
-1.70398375052468,-0.337329078831444,64.2,"ZC3D"
-2.27711022009515,1.7435914466428,64.3,"ZC3D"
-1.87011134374644,-0.357802536301564,64.4,"ZC3D"
-2.20572737876542,-0.778031298632725,64.5,"ZC3D"
-1.88522105134705,-1.18288084602997,64.6,"ZC3D"
-1.55574936131176,-1.28147461084719,64.7,"ZC3D"
-2.72140446196683,-1.39453995173189,64.8,"ZC3D"
-2.49960228000144,0.909391184324674,64.9,"ZC3D"
-2.26401986669298,-0.151054242415212,65,"ZC3D"
-2.25135790401087,0.0676175206495513,65.1,"ZC3D"
-2.42500708204307,0.38655931572093,65.2,"ZC3D"
-2.29058947690413,0.203866634502924,65.3,"ZC3D"
-2.28314574888181,-0.0150631287000759,65.4,"ZC3D"
-1.7710584991183,0.0987590412693722,65.5,"ZC3D"
-2.00911873833098,-0.354093769509115,65.6,"ZC3D"
-2.48537589903831,0.733369119441914,65.7,"ZC3D"
-1.97166151479833,-0.433097950936456,65.8,"ZC3D"
-2.08349648582678,-0.850145568065626,66.3,"ZC3D"
-2.143088675375,-0.671359753149066,66.6,"ZC3D"
-2.10722350544962,0.359323657912347,66.7,"ZC3D"
-2.54325195470118,2.82756587073178,66.8,"ZC3D"
-2.48827829018856,0.348390289105461,66.9,"ZC3D"
-2.12035809622449,0.222720719050209,67,"ZC3D"
-2.42256210008474,-0.713594791729746,67.1,"ZC3D"
-2.38008445971121,-0.253005804278605,67.2,"ZC3D"
-1.82540623934526,-0.768483347478273,67.3,"ZC3D"
-1.66224190421477,-1.26119095902274,67.4,"ZC3D"
-1.98696889040834,-0.950865306935955,67.5,"ZC3D"
-1.97344568806257,-0.2860619009541,67.6,"ZC3D"
-2.38450033275765,2.19759742468193,67.7,"ZC3D"
-2.39457600478218,-1.50346042186984,67.8,"ZC3D"
-1.77855059744889,-1.22548507339058,67.9,"ZC3D"
-1.85961905318883,-0.822475035639154,68,"ZC3D"
-2.10476424794318,2.14731928144888,68.1,"ZC3D"
-2.30575147712451,-0.027605139886872,68.2,"ZC3D"
-1.83247368356839,-0.735021349217982,68.3,"ZC3D"
-2.34990814842189,-0.608435910987339,68.4,"ZC3D"
-2.19037977906786,1.19653739196345,68.5,"ZC3D"
-1.96338381603667,-0.973678501007167,68.6,"ZC3D"
-1.37586527038954,-0.649475172264994,68.7,"ZC3D"
-1.86454435674106,-0.874862466906513,68.8,"ZC3D"
-2.44215913935634,1.09517932223483,68.9,"ZC3D"
-1.85285001693247,-0.481697568379313,69,"ZC3D"
-2.06100034393568,-0.71021298783434,69.1,"ZC3D"
-2.06796753345588,-0.262035770779988,69.2,"ZC3D"
-1.85330783257428,-0.61033261605377,69.3,"ZC3D"
-1.92588250551779,-0.501698422413475,69.4,"ZC3D"
-2.41464250687668,0.261231736872794,69.5,"ZC3D"
-2.1274112546992,-0.0774069659457318,69.6,"ZC3D"
-1.87121873531721,0.109712529172263,69.7,"ZC3D"
-2.13030482508743,-0.404687624859226,69.8,"ZC3D"
-1.63428904858342,-0.723864905127659,69.9,"ZC3D"
-0.74655575637391,-0.608327988512749,70,"ZC3D"
-1.53384392923192,2.53233655677959,70.1,"ZC3D"
-1.96356437360995,-1.18266151476673,70.2,"ZC3D"
-2.25611744583442,-0.48864652254994,70.3,"ZC3D"
-1.94735377850956,-1.37561265714623,70.4,"ZC3D"
-2.04634301310871,-0.268907561636654,70.5,"ZC3D"
-2.16629766032324,-0.4345585228227,70.6,"ZC3D"
-1.4111665179315,-0.852535337349235,70.7,"ZC3D"
-1.94647957763842,-1.01138364647726,70.8,"ZC3D"
-2.02090525656451,-0.437170927412212,70.9,"ZC3D"
-2.02273796411964,0.444592134036385,71,"ZC3D"
-3.02930705415552,-1.40788280917304,71.1,"ZC3D"
-1.20660003767672,-0.72527627752625,71.2,"ZC3D"
-1.17330429585635,-1.29823884520016,71.3,"ZC3D"
-2.67078609163554,-0.791467894646491,71.4,"ZC3D"
-1.98886509978699,-0.324956533971359,71.5,"ZC3D"
-1.81951126636205,-0.149162892498329,71.6,"ZC3D"
-1.85483328485832,-0.677001360419402,71.7,"ZC3D"
-2.1353223486122,-0.630851385504724,71.8,"ZC3D"
-2.41260323778361,0.38197210075439,71.9,"ZC3D"
-1.78486228787841,-1.11052263421807,72,"ZC3D"
-1.41730878697111,-0.189291426516917,72.1,"ZC3D"
-2.2748087948448,2.20665185937492,72.2,"ZC3D"
-1.79980623335453,-0.551490288991908,72.3,"ZC3D"
-2.16915692528923,-0.652652033694523,72.4,"ZC3D"
-1.84721854639708,0.457638605836926,72.5,"ZC3D"
-1.78654188946474,-0.77916049492928,72.6,"ZC3D"
-2.05314934602592,-0.931065526828883,72.7,"ZC3D"
-1.6949388501783,-0.680958733882589,72.8,"ZC3D"
-2.15826326598115,-0.052757388859149,72.9,"ZC3D"
-1.93798328516839,-0.740499869473015,73,"ZC3D"
-1.99976468044459,-0.208695669989638,73.1,"ZC3D"
-2.02144528070382,-0.0635575562854575,73.2,"ZC3D"
-1.89428849979758,-0.360131219569081,73.3,"ZC3D"
-1.72402251812307,-0.174146796332909,73.4,"ZC3D"
-2.1389279132294,-0.263446346097299,73.5,"ZC3D"
-1.80118810993813,-0.378051381704808,73.6,"ZC3D"
-2.13291272654626,-0.226009485142312,73.7,"ZC3D"
-2.41195711963513,-0.246133784239734,73.8,"ZC3D"
-2.28697937509685,0.395618498288738,73.9,"ZC3D"
-2.36637990760583,-0.364444162182493,74,"ZC3D"
-2.51141715971826,1.70758585032559,74.1,"ZC3D"
-2.26574089877153,0.431578005426796,74.3,"ZC3D"
-3.10292444214331,2.57759635516285,74.5,"ZC3D"
-2.44840988359025,0.258812187898585,74.6,"ZC3D"
-2.24418339879738,-0.624740451823729,74.8,"ZC3D"
-2.23567252459866,-0.405734064938726,74.9,"ZC3D"
-2.20615481231653,-0.518168991618013,75,"ZC3D"
-2.3009551171968,0.444996654178186,75.3,"ZC3D"
-2.63931515016728,-0.217723530235796,75.4,"ZC3D"
-2.79708765268791,2.1341160084289,75.5,"ZC3D"
-2.42681841716617,-0.222518932358962,75.6,"ZC3D"
-2.42456459317902,0.015972123942079,75.7,"ZC3D"
-2.55544704099257,0.461695522808646,76.3,"ZC3D"
-2.81665845271054,2.60234494269958,76.4,"ZC3D"
-2.66451385396742,-0.280451902143029,76.5,"ZC3D"
-2.41629708571059,-0.111690772226208,76.6,"ZC3D"
-2.37234296337496,0.598051624426703,76.7,"ZC3D"
-2.30711526635366,0.275566425149848,76.8,"ZC3D"
-2.24534359523321,0.25000092317958,76.9,"ZC3D"
-2.41473437567075,-0.0609067311087797,77,"ZC3D"
-2.40689318738484,0.0158230403321759,77.1,"ZC3D"
-2.51368985002128,0.570047034970803,77.2,"ZC3D"
-2.35418331207399,-0.554180478232548,77.3,"ZC3D"
-3.14499330772623,-0.0680019259069331,77.4,"ZC3D"
-2.56808433005878,-0.218887725603783,77.5,"ZC3D"
-2.26125211470489,0.139893263435852,77.6,"ZC3D"
-2.58645034691378,1.42668737442645,77.7,"ZC3D"
-2.2275172068414,-0.135801860123543,77.8,"ZC3D"
-2.98480269485301,0.21289855336143,77.9,"ZC3D"
-2.42352456332922,0.434320689199057,78,"ZC3D"
-2.60486667829031,0.00314314645280462,78.1,"ZC3D"
-2.43088006210044,-0.192068457767763,78.2,"ZC3D"
-2.39822476156047,0.0493439014850701,78.3,"ZC3D"
-4.13053727700794,0.736281588092851,78.4,"ZC3D"
-3.02441942750025,-0.182720155367831,78.5,"ZC3D"
-2.77102037434062,0.181134003888167,78.6,"ZC3D"
-2.17134195982696,0.206209911175035,78.7,"ZC3D"
-2.78394309401194,0.720861150684908,78.8,"ZC3D"
-3.14443370120077,0.769430586198314,78.9,"ZC3D"
-2.43950682989168,0.102800846522815,79,"ZC3D"
-2.49240508313394,-0.279747452516677,79.1,"ZC3D"
-2.29938807879875,-0.143454611566441,79.2,"ZC3D"
-2.73922913555157,0.452222854698548,79.3,"ZC3D"
-2.7876807761129,1.68964683066444,79.4,"ZC3D"
-2.59423615541667,0.780002406193391,79.5,"ZC3D"
-2.61442716552065,-0.281978560662045,79.6,"ZC3D"
-2.37537687664317,0.399817715319044,79.7,"ZC3D"
-2.46489516862713,0.126338484542843,79.8,"ZC3D"
-2.41378061071402,0.207946470648563,80.1,"ZC3D"
-2.27208200881881,0.695171192610579,80.2,"ZC3D"
-1.92092868575522,0.192183955830122,80.3,"ZC3D"
-2.78698789481381,0.844074307984181,80.4,"ZC3D"
-2.48557992101894,0.46055771538589,80.5,"ZC3D"
-2.910149557895,-0.380384869323381,80.7,"ZC3D"
-2.14503649397552,0.137136216091439,80.8,"ZC3D"
-3.19274882796882,-0.488488428461299,80.9,"ZC3D"
-3.04667091583276,-0.184777330306287,81,"ZC3D"
-2.95424264855633,0.134607624536005,81.1,"ZC3D"
-3.1413592500509,1.79555374760967,81.3,"ZC3D"
-2.61823978628141,0.714251145981055,81.4,"ZC3D"
-2.72463326501698,0.86904473502033,81.5,"ZC3D"
-2.64350000476808,1.12765171096592,81.6,"ZC3D"
-2.54207907343414,0.532947335948729,81.7,"ZC3D"
-2.72000578529182,1.03308548421097,81.8,"ZC3D"
-2.87904824325419,-0.0817890861539181,81.9,"ZC3D"
-2.02389520386004,0.183114950864486,82,"ZC3D"
-2.54788896229116,0.165342585953214,82.4,"ZC3D"
-3.03884385990583,-0.408355710957493,82.5,"ZC3D"
-2.50573325346055,1.53104582529315,83.1,"ZC3D"
-2.80792185305648,0.801537368080552,83.2,"ZC3D"
-3.06187453317036,1.42679421346378,83.3,"ZC3D"
-2.64343072806402,1.58145240202007,83.4,"ZC3D"
-3.15012136110948,0.50268255613571,83.5,"ZC3D"
-2.84303726824098,1.18751000249689,83.6,"ZC3D"
-2.71526920114752,0.244524427194375,83.7,"ZC3D"
-2.92252218156545,2.60150847518951,83.8,"ZC3D"
-2.2711633032896,0.0370275875005666,83.9,"ZC3D"
-2.83715845500557,0.251860175551635,84,"ZC3D"
-2.53823977200498,0.810350265144644,84.1,"ZC3D"
-2.89365202526542,1.53975443812522,84.2,"ZC3D"
-2.62457156739643,0.0178143560285931,84.3,"ZC3D"
-4.22266212436011,2.42729055429198,84.4,"ZC3D"
-2.71324958494812,0.819464170230141,84.5,"ZC3D"
-3.32280270011502,2.90047203370671,84.6,"ZC3D"
-3.0337788801127,2.09059892115328,84.7,"ZC3D"
-2.18458127100128,1.10091874419135,84.8,"ZC3D"
-2.62322387753706,1.99119493683562,84.9,"ZC3D"
-4.32758567302684,1.3193777144196,85.6,"ZC3D"
-2.4283781793435,0.715180741405949,85.7,"ZC3D"
-2.42816871864222,0.210133787440621,85.8,"ZC3D"
-2.62921480344203,0.78825804348237,85.9,"ZC3D"
-2.25841297280072,0.289534272121155,86,"ZC3D"
-3.05526658546561,0.569650230617557,86.1,"ZC3D"
-2.4542423519385,0.567474164641275,86.2,"ZC3D"
-2.27451030459527,0.354900129008186,86.3,"ZC3D"
-2.83090536708286,0.23313144775754,86.4,"ZC3D"
-2.70194348865237,0.0159200106269014,86.5,"ZC3D"
-2.49531811811045,0.696327877317578,86.6,"ZC3D"
-2.81738554561299,-0.167360568106365,86.7,"ZC3D"
-3.58029642494146,0.37752879149142,86.8,"ZC3D"
-2.40895552568161,1.52007200002693,86.9,"ZC3D"
-2.8919296819468,0.0160536215635234,87,"ZC3D"
-2.36506802766851,0.706686714047087,87.1,"ZC3D"
-3.06021378853419,2.59818083298817,87.2,"ZC3D"
-2.23528599749272,-0.0406599081425111,87.3,"ZC3D"
-2.20086471080736,-0.145934873182197,87.4,"ZC3D"
-2.28061164619799,-0.4566477193317,87.5,"ZC3D"
-2.54199110943613,-0.395494351460538,87.6,"ZC3D"
-2.77075348718871,1.42387970231355,87.9,"ZC3D"
-1.36582018077683,-0.979265423012869,88.5,"ZC3D"
-2.33416508852745,0.343607674098567,88.7,"ZC3D"
-1.95465886925302,-0.0900549596492881,88.8,"ZC3D"
-2.40190209293066,0.293127960157379,88.9,"ZC3D"
-1.76891064177473,-1.04989862854369,89,"ZC3D"
-1.94698737930021,-0.72072744254536,89.1,"ZC3D"
-2.21182587185708,-0.784765836784122,89.2,"ZC3D"
-1.91537110449389,-1.01066093806729,89.3,"ZC3D"
-1.44772561008694,-0.819072362424026,89.4,"ZC3D"
-2.06985790390558,-0.583899015572849,89.5,"ZC3D"
-1.92967608185179,-0.654589176039865,89.6,"ZC3D"
-1.66126953106796,0.0648045863665689,89.7,"ZC3D"
-2.18676921805636,-0.203301277344384,89.8,"ZC3D"
-1.92587220944815,-1.47562302612956,89.9,"ZC3D"
-2.2509150494599,-0.120554844653046,90,"ZC3D"
-1.5334580560736,-1.0781703759834,90.1,"ZC3D"
-2.25804721631128,-0.146282813858545,90.2,"ZC3D"
-1.99448351004259,-0.41882608983379,90.3,"ZC3D"
-2.08232697420294,-0.63827704537988,90.4,"ZC3D"
-2.69772967058899,0.512941303301366,90.5,"ZC3D"
-2.36952750589426,0.125082916482828,90.6,"ZC3D"
-1.62498744464013,-1.84210543942216,90.7,"ZC3D"
-2.02685589102713,-1.31533383456835,90.8,"ZC3D"
-1.98576018144203,-1.45799783250612,90.9,"ZC3D"
-2.09262709173174,-0.952138956496192,91,"ZC3D"
-3.07182730193874,1.17985651154471,91.1,"ZC3D"
-2.02626063486545,-1.01875402115071,91.2,"ZC3D"
-0.780151049381889,-1.35897814613448,91.3,"ZC3D"
-1.8827649724262,-1.09794085813419,91.4,"ZC3D"
-2.21755709604894,-1.00502987499914,91.5,"ZC3D"
-2.3046058203676,-1.34060667545025,91.6,"ZC3D"
-1.82195702707134,-1.00670324270341,91.7,"ZC3D"
-2.24258150191757,0.0785212023519387,91.8,"ZC3D"
-2.54089566373975,1.52352102399657,91.9,"ZC3D"
-1.80838495526514,-0.796662865231563,92,"ZC3D"
-2.17233705202408,-0.0262689858344193,92.1,"ZC3D"
-1.59795768533614,-2.23060273698601,92.2,"ZC3D"
-1.83800695547336,-1.04222858205527,92.3,"ZC3D"
-1.96463578265205,-0.727205980007878,92.4,"ZC3D"
